"Season","TeamName","eFGPct","RankeFGPct","TOPct","RankTOPct","ORPct","RankORPct","FTRate","RankFTRate"
2021,"Abilene Christian",51.2145748987854,110,19.1645118333815,183,30.5869074492099,85,32.7260458839406,143
2021,"Air Force",52.0512820512821,81,22.5926824116593,329,15.3417015341702,347,30.8547008547009,188
2021,"Akron",51.4901960784314,95,17.0410534469404,77,30.0907911802853,99,30.6666666666667,193
2021,"Alabama",51.6705882352941,90,18.5982434992251,157,32.2455322455322,46,28.8,243
2021,"Alabama A&M",44.758064516129,331,21.4492278512135,299,28.2456140350877,157,31.7972350230415,162
2021,"Alabama St.",43.4588701684836,342,22.3450817783921,323,29.5389048991354,116,42.7155599603568,4
2021,"Albany",50.5096262740657,142,18.0315552216379,123,22.3123732251521,315,34.0883352208381,101
2021,"Alcorn St.",44.3992773261066,338,20.4166551083248,254,30.0859598853868,100,33.9656729900632,105
2021,"American",52.6032315978456,64,22.2978813484573,320,24.1486068111455,272,26.7504488330341,293
2021,"Appalachian St.",46.9380654140571,293,17.6625217827923,105,28.1995661605206,161,32.7070285316632,144
2021,"Arizona",50.5361930294906,138,17.2360898061637,89,34.2633928571429,24,41.7560321715818,7
2021,"Arizona St.",49.2079207920792,206,14.9615381990185,7,21.2674543501611,325,33.2673267326733,123
2021,"Arkansas",50.7480694980695,128,17.1154095806829,81,31.7315658657829,63,32.6737451737452,148
2021,"Arkansas Pine Bluff",43.1784660766962,343,22.4937200274035,327,27.2222222222222,185,38.5693215339233,23
2021,"Arkansas St.",48.0432972522898,258,19.4428993196697,195,30.8108108108108,80,34.6378018318068,83
2021,"Army",51.7680921052632,88,18.1438134166053,130,23.202170963365,297,29.3585526315789,231
2021,"Auburn",51.1977886977887,112,21.9539791587225,315,35.0401606425703,14,36.1793611793612,62
2021,"Austin Peay",50.3711201079622,155,21.1925883686182,289,35.6413166855846,11,29.4197031039136,230
2021,"BYU",54.9121665582303,22,18.9638941001971,175,28.6713286713287,145,27.9115159401431,268
2021,"Ball St.",51.3367052023121,100,19.7616364545475,218,27.7912621359223,173,28.6849710982659,244
2021,"Baylor",56.5482502651113,7,16.5283317164313,54,37.2930866601753,5,26.5111346765642,295
2021,"Bellarmine",55.3181818181818,15,17.3432293244471,96,25.7142857142857,238,28.1818181818182,259
2021,"Belmont",56.2781531531532,9,16.5677930696969,57,26.401630988787,215,27.9279279279279,266
2021,"Bethune Cookman",0,348,100,348,0,348,0,348
2021,"Binghamton",48.893166506256,218,20.5774018972365,259,29.2237442922374,121,23.1953801732435,338
2021,"Boise St.",52.2640306122449,74,16.7681721110496,68,26.8426842684268,198,34.1198979591837,99
2021,"Boston College",49.789029535865,182,19.1567900274039,182,25.3731343283582,243,29.704641350211,225
2021,"Boston University",49.6615087040619,187,18.3026920551543,139,29.0322580645161,133,28.6266924564797,246
2021,"Bowling Green",47.5690276110444,277,13.46011956889,2,30.3468208092486,95,27.9111644657863,269
2021,"Bradley",49.9334221038615,175,18.8984569149858,172,27.9821627647715,166,22.6364846870839,341
2021,"Brown",0,348,100,348,0,348,0,348
2021,"Bryant",53.2996894409938,46,20.3256799330816,249,28.3443708609272,153,33.9285714285714,108
2021,"Bucknell",51.9765739385066,84,17.3345307844731,94,19.8473282442748,336,36.3103953147877,58
2021,"Buffalo",51.1576971214018,116,18.4865202456542,152,37.2793354101765,6,29.7872340425532,222
2021,"Butler",47.4874371859297,280,17.3173279241913,93,26.0180995475113,230,29.4328786791098,229
2021,"Cal Baptist",53.906976744186,38,19.7202012490687,214,27.4015748031496,182,36.9302325581395,46
2021,"Cal Poly",44.515612489992,334,20.3092545580429,248,21.9631901840491,320,29.4635708566853,228
2021,"Cal St. Bakersfield",48.3997155049787,246,19.6104874856214,206,38.5365853658537,3,26.8847795163585,288
2021,"Cal St. Fullerton",51.2443438914027,107,17.6436978631014,104,24.9063670411985,247,35.6334841628959,68
2021,"Cal St. Northridge",48.3520900321543,248,16.6679268425872,62,24.2618741976893,267,31.6720257234727,164
2021,"California",49.4237288135593,197,19.2578930237604,185,24.2622950819672,266,33.9661016949153,104
2021,"Campbell",55.6514913657771,11,18.483192606723,151,19.6159122085048,337,33.8304552590267,112
2021,"Canisius",47.0101781170483,292,16.7750954352385,69,26.6393442622951,202,31.5521628498728,170
2021,"Central Arkansas",49.2819349962207,203,23.8644147694211,343,28.8834951456311,137,32.3507180650038,154
2021,"Central Connecticut",48.5365853658537,244,19.7305260370113,215,23.728813559322,283,28.3739837398374,254
2021,"Central Michigan",48.6776859504132,231,17.9489133287614,119,26.6311584553928,204,36.198347107438,61
2021,"Charleston",51.5856236786469,92,16.2836213163339,48,24.2105263157895,269,27.061310782241,284
2021,"Charleston Southern",46.514745308311,302,23.5775163954013,339,27.4348422496571,181,30.1161751563896,206
2021,"Charlotte",49.2109634551495,205,20.1044862495144,237,21.7213114754098,322,37.2093023255814,39
2021,"Chattanooga",50.4322766570605,150,15.9340825785344,30,22.6076555023923,310,28.0979827089337,261
2021,"Chicago St.",41.3480885311871,347,21.705607932697,310,16.5644171779141,346,25.3521126760563,318
2021,"Cincinnati",48.3569828230022,247,20.5400944477557,258,29.1319857312723,128,33.0097087378641,136
2021,"Clemson",49.9622071050642,173,19.3754146450638,191,26.5644955300128,206,23.2048374905518,337
2021,"Cleveland St.",50.5134788189987,141,18.769649476796,167,30.7196562835661,83,32.5417201540436,150
2021,"Coastal Carolina",49.73604826546,185,21.7581593097412,312,34.7985347985348,17,33.7858220211161,113
2021,"Colgate",56.6169154228856,5,14.7099698531141,5,28.2374100719424,159,30.9452736318408,186
2021,"Colorado",52.396694214876,69,17.1296132895681,82,30.8447937131631,79,29.4765840220386,227
2021,"Colorado St.",54.0933694181326,34,19.7058803895783,212,24.2030696576151,270,32.8146143437077,140
2021,"Columbia",0,348,100,348,0,348,0,348
2021,"Connecticut",48.9553314121037,216,17.5363978406674,101,37.3508353221957,4,29.0345821325648,239
2021,"Coppin St.",48.5636645962733,241,19.9872574075267,228,18.4180790960452,341,43.7888198757764,2
2021,"Cornell",0,348,100,348,0,348,0,348
2021,"Creighton",55.0214822771214,19,15.7494819249367,28,24.5531514581373,258,25.671321160043,311
2021,"Dartmouth",0,348,100,348,0,348,0,348
2021,"Davidson",55.2746294681779,16,17.2565132131852,90,28.101644245142,163,26.8526591107236,290
2021,"Dayton",55.4838709677419,13,21.2164181964512,292,23,300,33.7096774193548,114
2021,"DePaul",46.1438474870017,307,22.0610539668533,317,31.8497913769124,60,23.6568457538995,335
2021,"Delaware",49.4572591587517,193,21.1533351049694,288,28.322440087146,155,38.8059701492537,21
2021,"Delaware St.",45.7142857142857,316,22.3129869147568,322,26.2924667651403,218,29.8095238095238,219
2021,"Denver",49.8204667863555,180,20.9496482464176,278,22.0088626292467,317,34.1113105924596,100
2021,"Detroit",55.077519379845,17,16.7855365732294,70,27.1604938271605,186,25.2713178294574,319
2021,"Dixie St.",45.4504094631483,319,20.9349521130772,277,24.6879334257975,254,35.3958143767061,72
2021,"Drake",53.4443168771527,44,15.2854690890249,13,31.9875776397516,55,24.6268656716418,324
2021,"Drexel",53.3181818181818,45,19.4044133670637,192,28.7112561174551,141,27.2727272727273,278
2021,"Duke",53.5835023664638,43,18.3313678365105,144,32.2274881516588,47,23.394185260311,336
2021,"Duquesne",47.6442307692308,276,19.5058517555267,201,31.0136157337368,76,31.6346153846154,166
2021,"East Carolina",45.2334630350195,326,18.5460238448878,155,26.8588770864947,195,33.0739299610895,133
2021,"East Tennessee St.",50.3464203233256,158,20.2972091337441,246,30.4955527318933,89,29.7921478060046,221
2021,"Eastern Illinois",49.2914356130622,202,20.0044280635036,230,28.8442211055276,138,25.6931608133087,310
2021,"Eastern Kentucky",51.2479201331115,105,16.6446181599519,60,26.7723880597015,201,25.6239600665557,312
2021,"Eastern Michigan",46.6928251121076,299,17.0616339612301,78,24.2369838420108,268,26.9058295964126,287
2021,"Eastern Washington",54.249815225425,31,16.5548302673423,56,23.6338797814208,288,30.4508499630451,199
2021,"Elon",48.3382209188661,249,17.5060203120092,100,24.6031746031746,256,23.1671554252199,339
2021,"Evansville",53.1947652040031,50,17.3172485167366,92,19.029374201788,340,25.4041570438799,316
2021,"FIU",50.4927975739196,147,20.9219719739256,275,25.8469259723965,234,24.0333586050038,329
2021,"Fairfield",45.4326923076923,320,19.6797818355614,211,28.042328042328,164,34.0659340659341,102
2021,"Fairleigh Dickinson",51.8881118881119,85,19.4982078853047,200,28.6721504112808,144,31.1188811188811,180
2021,"Florida",53.1272210376688,53,21.1937746819168,290,31.077694235589,75,33.9019189765458,110
2021,"Florida A&M",48.6234458259325,236,23.8593147505978,342,30.5555555555556,86,29.8401420959147,216
2021,"Florida Atlantic",51.392632524708,97,20.4487361545016,256,31.6091954022989,65,30.0988319856244,207
2021,"Florida Gulf Coast",47.6554536187564,274,20.3319274798707,250,28.59450726979,149,23.9551478083588,330
2021,"Florida St.",54.0041067761807,37,20.4210421822153,255,34.3672456575682,22,32.4435318275154,152
2021,"Fordham",41.4106145251397,346,20.7861499770741,272,19.2307692307692,339,27.5139664804469,277
2021,"Fresno St.",48.8003427592117,224,21.532020335797,303,30.4926764314248,90,36.7609254498715,49
2021,"Furman",56.6768994627782,4,17.8911674471177,117,27.0718232044199,188,25.7866462010744,309
2021,"Gardner Webb",52.3549488054608,72,17.4564665010982,99,26.5625,207,29.9658703071672,212
2021,"George Mason",48.7258687258687,227,17.7001494493751,109,30.2583025830258,97,29.3436293436293,232
2021,"George Washington",49.7844827586207,183,19.7484823121828,216,24.4604316546763,260,36.0991379310345,63
2021,"Georgetown",49.4411571334648,194,21.5119643282617,301,32.1581196581197,52,30.8349769888231,190
2021,"Georgia",50.7124352331606,129,21.4958871992782,300,32.7939590075512,37,34.3911917098446,93
2021,"Georgia Southern",47.9527559055118,263,21.4205830251676,297,30.4079110012361,93,29.1338582677165,237
2021,"Georgia St.",51.2581168831169,102,16.9086501548522,74,30.8743169398907,78,32.6298701298701,149
2021,"Georgia Tech",54.0647719762062,35,16.0586973073995,36,24.3757431629013,261,28.4203569068077,253
2021,"Gonzaga",61.0178117048346,1,16.1279343153221,40,30.0706357214934,102,35.7251908396947,66
2021,"Grambling St.",47.7689243027888,272,21.648186813601,307,26.2273901808786,222,41.8326693227092,6
2021,"Grand Canyon",52.5213675213675,67,19.9651147189051,227,33.5745296671491,29,33.4188034188034,120
2021,"Green Bay",49.1705374917054,208,15.4485610297126,15,25.9593679458239,231,27.2727272727273,278
2021,"Hampton",49.5128740431454,191,18.1633847867373,132,22.234762979684,316,28.6012526096033,248
2021,"Hartford",49.9233716475096,176,19.6182231495033,207,24.6835443037975,255,28.5823754789272,249
2021,"Harvard",0,348,100,348,0,348,0,348
2021,"Hawaii",50.5550416281221,137,19.7765555832359,219,29.1472868217054,127,30.3422756706753,202
2021,"High Point",45.7658321060383,313,18.6270968931785,158,31.9221967963387,58,38.2916053019146,25
2021,"Hofstra",50.8196721311475,125,17.4461475705612,98,29.1616038882139,125,33.1594634873323,128
2021,"Holy Cross",50.3154574132492,160,18.2942397566689,138,26.4084507042254,212,26.0778128286015,305
2021,"Houston",50.3727369542066,154,16.1933325927846,43,39.8214285714286,2,31.2566560170394,177
2021,"Houston Baptist",48.7368421052632,226,22.5871828918862,328,25.7990867579909,237,28.2105263157895,258
2021,"Howard",51.0917030567686,118,18.4599606871208,150,20.4081632653061,331,37.117903930131,42
2021,"IUPUI",48.9710009354537,213,19.1115060822368,180,25.4160363086233,242,30.4957904583723,198
2021,"Idaho",48.5436893203884,242,24.0040006667778,345,21.9653179190751,319,29.567519858782,226
2021,"Idaho St.",47.1649484536082,287,23.4955646128027,338,30.7692307692308,82,38.659793814433,22
2021,"Illinois",55.5525013743815,12,18.1363247073838,128,32.20675944334,49,37.9329301814184,30
2021,"Illinois Chicago",49.7309761721752,186,18.8148579187276,170,23.6875800256082,287,22.7517294388932,340
2021,"Illinois St.",50.3945480631277,152,19.2884761805234,186,23.7247924080664,284,23.6728837876614,334
2021,"Incarnate Word",50.3489531405783,157,20.6207627736871,262,22.9534510433387,303,32.5024925224327,151
2021,"Indiana",48.5430463576159,243,17.2217839521855,87,25.496342737722,241,41.4569536423841,8
2021,"Indiana St.",48.8591660110149,221,18.3286881761066,143,25.2229299363057,244,36.3493312352478,57
2021,"Iona",50.6930693069307,130,22.4772835963654,326,32.5619834710744,42,34.4554455445545,91
2021,"Iowa",54.742478327384,24,13.3341648288725,1,30.8031774051192,81,31.9734829168791,158
2021,"Iowa St.",48.0184005661713,260,21.0879180111199,285,24.3211334120425,262,19.6036801132343,347
2021,"Jackson St.",44.5219123505976,333,21.1273095813518,287,29.0769230769231,132,42.0318725099602,5
2021,"Jacksonville",48.790658882402,225,20.0431622553519,233,24.7368421052632,251,34.278565471226,94
2021,"Jacksonville St.",52.3578363384189,71,19.8596429923415,224,32.3255813953488,45,30.9292649098474,187
2021,"James Madison",50.503524672709,144,16.6863601335731,63,27.8740157480315,170,40.8862034239678,11
2021,"Kansas",49.4279176201373,196,17.089901029222,80,30.5372290292177,87,29.8054919908467,220
2021,"Kansas St.",47.2149410222805,285,22.3495277652492,324,29.8647242455775,108,27.916120576671,267
2021,"Kennesaw St.",45.7656116338751,314,20.605633923742,261,24.1011984021305,274,30.6244653550043,195
2021,"Kent St.",50.849963045085,123,19.3114693822088,188,34.2239185750636,25,28.0857354028086,262
2021,"Kentucky",47.0867208672087,289,19.7565808095103,217,32.6441784548422,41,34.4850948509485,90
2021,"LIU",47.2727272727273,284,19.3087252700146,187,32.9218106995885,34,31.1688311688312,179
2021,"LSU",52.276467361492,73,15.5599697313659,19,31.4447592067989,66,33.9550191991223,106
2021,"La Salle",50.1078360891445,165,20.6927910669161,267,26.8496420047733,197,24.2990654205607,326
2021,"Lafayette",50.5926724137931,134,14.9835112433786,9,23.7076648841355,285,30.2801724137931,203
2021,"Lamar",45.9888059701493,311,20.094892548144,236,26.3467189030362,217,30.8457711442786,189
2021,"Lehigh",47.1143174250832,288,18.1731783359025,135,24.9090909090909,246,27.857935627081,271
2021,"Liberty",56.86994856723,3,16.0116223359041,34,23.2118758434548,295,25.4224834680382,315
2021,"Lipscomb",51.1684125705077,115,17.4082014469363,97,23.209549071618,296,36.5028203062047,53
2021,"Little Rock",50.4484304932735,148,22.393934975944,325,31.1414392059553,73,37.6681614349776,34
2021,"Long Beach St.",50.6214149139579,133,20.9643224356466,280,23.2704402515723,294,37.6673040152964,35
2021,"Longwood",49.8689384010485,179,19.7789020553621,221,27.6729559748428,177,31.5858453473132,169
2021,"Louisiana",50.2764340013822,161,20.3641833355028,253,32.2014051522248,50,30.062197650311,209
2021,"Louisiana Monroe",48.224043715847,254,19.1357762586161,181,22.8729281767956,306,25.068306010929,320
2021,"Louisiana Tech",50.5301339285714,139,18.1649718031137,133,26.8953068592058,194,34.8214285714286,81
2021,"Louisville",47.7748691099476,271,17.2355398336658,88,32.0056899004267,54,32.1116928446771,157
2021,"Loyola Chicago",55.6765676567657,10,18.2694061767349,137,27.0783847980998,187,31.4851485148515,172
2021,"Loyola MD",51.1088709677419,117,20.1685514658215,241,31.3114754098361,70,35.383064516129,73
2021,"Loyola Marymount",51.6564952048823,91,23.4361307014981,336,32.5443786982249,43,41.3251961639058,9
2021,"Maine",45.1327433628319,327,25.0180827979407,347,23.8255033557047,279,27.212389380531,280
2021,"Manhattan",42.618025751073,345,20.6863114798255,266,31.9496855345912,57,35.450643776824,71
2021,"Marist",49.0566037735849,210,21.4290119921403,298,22.9651162790698,302,31.5363881401617,171
2021,"Marquette",50.5727762803235,136,20.9253254413936,276,29.1196388261851,131,35.0404312668464,78
2021,"Marshall",54.8480463096961,23,16.2602882646161,44,23.828125,278,24.1678726483357,328
2021,"Maryland",53.1585596967783,51,16.7146533493006,64,20.6417112299465,330,31.838281743525,160
2021,"Maryland Eastern Shore",0,348,100,348,0,348,0,348
2021,"Massachusetts",50,172,16.3501813567506,51,24.2857142857143,264,34.2391304347826,95
2021,"McNeese St.",53.1468531468531,52,23.0256121040042,332,27.0408163265306,189,30.6693306693307,192
2021,"Memphis",50.9331727874774,121,21.6567138290755,308,33.563672260612,30,32.691149909693,145
2021,"Mercer",54.3197936814958,30,18.025354942042,121,26.0668973471742,229,24.7582205029014,322
2021,"Merrimack",51.3960703205791,96,19.8847496144793,225,20.8403361344538,329,31.023784901758,183
2021,"Miami FL",47.3753280839895,281,18.4154581522254,149,27.0327349524815,190,32.8083989501312,141
2021,"Miami OH",50.4954268292683,146,16.270327490352,46,27.9279279279279,168,25.4573170731707,314
2021,"Michigan",54.6933667083855,25,16.567829482847,58,29.6296296296296,113,30.3504380475595,201
2021,"Michigan St.",48.0733944954128,257,18.7787372073077,169,30.4914744232698,91,31.3149847094801,176
2021,"Middle Tennessee",45.3784860557769,323,21.6621808987848,309,24.8780487804878,248,24.8605577689243,321
2021,"Milwaukee",49.5178041543027,190,15.2712365633459,12,24.2682926829268,265,33.160237388724,126
2021,"Minnesota",45.0111482720178,329,15.592853275582,20,29.1845493562232,124,36.7335562987737,50
2021,"Mississippi",48.708254568368,229,20.7055467888576,268,34.7336065573771,19,34.2155009451796,96
2021,"Mississippi St.",50.1875669882101,164,22.1204297493129,318,35.778175313059,10,33.7084673097535,115
2021,"Mississippi Valley St.",43.6431226765799,341,24.2732866539359,346,18.1034482758621,342,24.6840148698885,323
2021,"Missouri",50.7682030728123,127,18.742213314555,165,28.5238623751387,151,37.0741482965932,44
2021,"Missouri St.",54.156378600823,33,18.2021235810845,136,23.8439306358381,277,30.6172839506173,196
2021,"Monmouth",48.531810766721,245,17.6648458033632,106,25.7142857142857,238,38.1729200652529,27
2021,"Montana",48.858075040783,222,19.4499800717417,197,22.7830832196453,307,35.8890701468189,64
2021,"Montana St.",49.6533795493934,188,17.8068163545114,114,24.1581259150805,271,40.2946273830156,14
2021,"Morehead St.",52.2236756049706,78,23.0983976442694,333,31.4316469321851,67,36.2328319162852,60
2021,"Morgan St.",48.6509274873524,233,20.7372871035647,269,34.5060893098782,20,37.5210792580101,37
2021,"Mount St. Mary's",48.5898468976632,239,20.0870778205182,235,31.3299232736573,69,29.8146655922643,218
2021,"Murray St.",54.6794399410464,27,19.322180381505,189,27.599486521181,179,26.0869565217391,303
2021,"N.C. State",52.9845505617978,57,18.7536970635274,166,29.6476306196841,112,31.1095505617978,181
2021,"NJIT",45.9099264705882,312,16.1870675256502,41,24.1428571428571,273,34.1911764705882,97
2021,"Navy",50.0479846449136,169,18.1731131643016,134,32.2274881516588,47,33.0134357005758,135
2021,"Nebraska",48.2352941176471,253,19.6090059103758,205,23.0691056910569,299,30.9803921568627,185
2021,"Nebraska Omaha",46.285140562249,305,18.1368164895277,129,23.1852654387866,298,29.1834002677376,235
2021,"Nevada",51.264450867052,101,18.3779464642429,146,24.2890995260664,263,38.9450867052023,18
2021,"New Hampshire",45.3333333333333,325,16.3111411651401,50,27.3121387283237,184,32.7619047619048,142
2021,"New Mexico",43.9288811795317,340,21.6112682164379,305,31.9843342036554,56,32.8707718993929,139
2021,"New Mexico St.",49.3820803295572,198,18.3222561523262,141,34.3003412969283,23,30.9989701338826,184
2021,"New Orleans",52.2614840989399,75,22.3083913124909,321,29.3167701863354,120,33.0742049469965,132
2021,"Niagara",46.5878070973612,301,15.1658045402151,11,23.4285714285714,292,34.5768880800728,85
2021,"Nicholls St.",51.0409889394925,119,17.6803591845841,107,28.9274106175515,136,27.7813923227066,273
2021,"Norfolk St.",48.6813186813187,230,17.5747453317083,102,27.7647058823529,175,37.0695970695971,45
2021,"North Alabama",48.1529209621993,256,20.2770492668931,245,26.0689655172414,228,28.2646048109966,257
2021,"North Carolina",48.302300109529,251,20.3475437436113,252,40.9131602506714,1,34.1730558598029,98
2021,"North Carolina A&T",45.4228421970357,321,18.6508503644419,160,27.5862068965517,180,35.8326068003487,65
2021,"North Carolina Central",46.8706536856745,295,21.392448908902,295,26.4069264069264,214,34.4923504867872,89
2021,"North Dakota",49.3810178817056,199,18.6999415626826,163,23.5229759299781,290,34.5942228335626,84
2021,"North Dakota St.",50.3688799463447,156,18.7187616819195,164,28.6674132138858,146,33.6016096579477,117
2021,"North Florida",52.6678141135972,61,21.5311213834445,302,25.8249641319943,235,25.3872633390706,317
2021,"North Texas",53.8461538461538,40,19.7772220959309,220,27.9411764705882,167,26.957726957727,286
2021,"Northeastern",51.581975071908,93,19.5284454783033,203,20.16,333,26.07861936721,304
2021,"Northern Arizona",47.9949874686717,262,17.922325058386,118,23.7650200267023,281,30.4093567251462,200
2021,"Northern Colorado",51.252408477842,103,20.6045921530845,260,24.7226624405705,253,32.2736030828516,155
2021,"Northern Illinois",44.4444444444444,335,20.237068338874,243,32.6666666666667,39,23.8845144356955,331
2021,"Northern Iowa",50.0375939849624,170,19.0742984844431,179,26.3736263736264,216,26.4661654135338,296
2021,"Northern Kentucky",50.6436314363144,131,18.5703231950479,156,34.9369988545246,15,27.7777777777778,274
2021,"Northwestern",50.2641509433962,163,17.1993604569938,86,19.8726114649682,335,26.7924528301887,292
2021,"Northwestern St.",48.8656195462478,220,19.5266236616026,202,26.1682242990654,226,30.0756253635835,208
2021,"Notre Dame",53.8877620013523,39,15.6975790052016,26,21.9741480611046,318,25.895875591616,308
2021,"Oakland",48.6522911051213,232,17.8232753696045,115,29.95670995671,106,33.2075471698113,125
2021,"Ohio",54.6864231564438,26,17.0731529055787,79,28.641370869033,147,29.2901447277739,234
2021,"Ohio St.",52.9115341545353,58,15.5146599389317,18,29.3269230769231,119,37.1780515117581,40
2021,"Oklahoma",50.7975460122699,126,15.6555772994129,24,26.9628099173554,192,29.3251533742331,233
2021,"Oklahoma St.",51.1797752808989,114,20.9553020720227,279,31.3559322033898,68,37.5842696629214,36
2021,"Old Dominion",48.6410871302958,234,18.4977996568957,154,27.8067885117493,172,31.3349320543565,175
2021,"Oral Roberts",53.0169704588309,56,15.4820363617215,16,22.6579520697168,309,27.906976744186,270
2021,"Oregon",54.2372881355932,32,16.7374993441419,66,29.1208791208791,130,25.9685230024213,306
2021,"Oregon St.",48.9577464788732,215,17.6302826030594,103,29.8797409805735,107,34.8732394366197,79
2021,"Pacific",47.8070175438597,270,16.6089965397924,59,27.3809523809524,183,26.8031189083821,291
2021,"Penn",0,348,100,348,0,348,0,348
2021,"Penn St.",47.8553137003841,268,16.2620117131972,45,31.9037656903766,59,27.8489116517286,272
2021,"Pepperdine",51.2449528936743,106,17.6859515410386,108,23.6933797909408,286,31.8304172274563,161
2021,"Pittsburgh",48.8299531981279,223,18.3218268720127,140,34.487021013597,21,36.8954758190328,47
2021,"Portland",46.2635201573255,306,19.0454510964413,177,17.8125,343,33.9233038348083,109
2021,"Portland St.",44.4128787878788,337,20.037223300202,232,30.5322128851541,88,34.5643939393939,86
2021,"Prairie View A&M",50.3162055335968,159,19.411422746076,193,30.880420499343,77,26.8774703557312,289
2021,"Presbyterian",46.6784765279008,300,23.1259256615692,334,32.6474622770919,40,35.1638618246236,77
2021,"Princeton",0,348,100,348,0,348,0,348
2021,"Providence",48.3322432962721,250,17.1771392485002,83,29.1313559322034,129,31.5892740353172,168
2021,"Purdue",51.0338345864662,120,18.6395771478784,159,32.8108672936259,36,31.7042606516291,163
2021,"Purdue Fort Wayne",58.220810166799,2,23.6873629726736,340,26.1834319526627,223,30.1826846703733,205
2021,"Quinnipiac",46.8600953895072,296,19.4244046233807,194,21.1706102117061,326,35.3736089030207,74
2021,"Radford",50.5058365758755,143,23.2731250094946,335,33.375156838143,31,40.2334630350195,15
2021,"Rhode Island",49.1991643454039,207,19.709521848675,213,29.96632996633,105,38.857938718663,20
2021,"Rice",52.6388888888889,62,20.3399433427762,251,26.1737089201878,225,26.25,298
2021,"Richmond",53.0555555555556,55,14.9717237095878,8,20.3059805285118,332,31.3492063492063,174
2021,"Rider",48.2928679817906,252,18.3263795953712,142,26.1753494282084,224,28.9833080424886,240
2021,"Robert Morris",50.5,145,18.9728875095157,176,29.500756429652,117,26.0909090909091,302
2021,"Rutgers",50.0605326876513,168,16.7526697936577,67,27.6938569989929,176,27.1186440677966,281
2021,"SIU Edwardsville",49.2193308550186,204,22.9115845980039,331,26.602176541717,205,33.1598513011152,127
2021,"SMU",52.1521521521522,79,19.7789412449098,222,30.0854700854701,101,31.2312312312312,178
2021,"Sacramento St.",50.5847953216374,135,14.8605277551315,6,24.4766505636071,259,31.4814814814815,173
2021,"Sacred Heart",48.0401529636711,259,18.6661325856199,161,29.607250755287,115,33.5564053537285,118
2021,"Saint Joseph's",48.5864297253635,240,18.6791637584339,162,21.7898832684825,321,26.7366720516963,294
2021,"Saint Louis",51.5760441292356,94,17.7603565946598,111,35.8413132694938,9,29.7872340425532,222
2021,"Saint Mary's",47.8195488721804,269,17.0323234241935,76,25.8227848101266,236,27.6691729323308,276
2021,"Saint Peter's",45.5988455988456,317,21.8196788801976,313,30.3532008830022,94,32.6839826839827,146
2021,"Sam Houston St.",50.3754266211604,153,20.2538827033544,244,29.3333333333333,118,29.9658703071672,212
2021,"Samford",47.8644382544104,267,21.3744300636005,294,28.8059701492537,140,27.1123491179202,282
2021,"San Diego",46.3990554899646,304,18.046956415129,124,20.8955223880597,327,25.6198347107438,313
2021,"San Diego St.",52.3701298701299,70,16.6561758582288,61,30.0546448087432,103,33.2467532467532,124
2021,"San Francisco",51.2203166226913,109,16.9110086927762,75,24.7797356828194,250,21.4379947229551,344
2021,"San Jose St.",44.6990116801438,332,17.7745134043335,113,20,334,30.0089847259659,211
2021,"Santa Clara",47.6547842401501,275,17.8839740535786,116,22.9749631811487,301,39.8686679174484,16
2021,"Seattle",46.468085106383,303,15.6519481482855,23,26.2803234501348,219,28.4255319148936,252
2021,"Seton Hall",50.0327868852459,171,18.859536863659,171,29.6137339055794,114,35.672131147541,67
2021,"Siena",52.0134228187919,83,19.4742399822153,198,27.9926335174954,165,37.248322147651,38
2021,"South Alabama",50.8339376359681,124,17.7140127243636,110,26.4084507042254,212,31.0369833212473,182
2021,"South Carolina",46.7008797653959,298,19.8004143537189,223,32.1974148061105,51,27.9325513196481,265
2021,"South Carolina St.",44.9029126213592,330,23.9295917780377,344,26.2463343108504,220,27.7669902912621,275
2021,"South Dakota",53.2481751824818,48,15.3310208053243,14,21.7113665389527,323,33.1386861313869,129
2021,"South Dakota St.",56.5495207667732,6,17.3398515987153,95,23.9657631954351,276,38.0191693290735,29
2021,"South Florida",45.0826446280992,328,20.8336974569606,273,33.8364779874214,28,34.5454545454545,87
2021,"Southeast Missouri St.",49.8978201634877,177,21.723483609239,311,27.6231263383298,178,40.5313351498638,12
2021,"Southeastern Louisiana",45.3604806408545,324,21.9288372154614,314,31.1507936507937,72,40.9879839786382,10
2021,"Southern",48.0037140204271,261,22.000711997152,316,29.7709923664122,110,40.4828226555246,13
2021,"Southern Illinois",52.2480620155039,77,18.4869492745388,153,16.5816326530612,345,29.7674418604651,224
2021,"Southern Miss",47.2813238770686,283,20.6695409586609,264,23.7611181702668,282,28.6840031520883,245
2021,"Southern Utah",52.4064171122995,68,15.9809995489234,33,29.1603053435114,126,39.3939393939394,17
2021,"St. Bonaventure",49.7549019607843,184,16.4139226539489,52,32.7823691460055,38,28.0228758169935,263
2021,"St. Francis NY",49.4650205761317,192,16.2747519255199,47,30.2097902097902,98,30.6995884773663,191
2021,"St. Francis PA",47.8656126482213,266,20.178739795795,242,28.8242730720607,139,33.6758893280632,116
2021,"St. John's",50.401376146789,151,16.8227872299751,72,29.2069632495164,123,28.6123853211009,247
2021,"Stanford",51.3689253935661,99,21.0345007568245,284,25.0599520383693,245,36.4818617385353,54
2021,"Stephen F. Austin",54.995004995005,20,23.4722552988807,337,36.68430335097,7,43.956043956044,1
2021,"Stetson",50.4363636363636,149,19.6477995072843,210,28.1437125748503,162,28.1454545454545,260
2021,"Stony Brook",46.0222752585521,310,20.1573336437873,239,30.2808302808303,96,33.0151153540175,134
2021,"Syracuse",51.249256395003,104,16.3098354224415,49,29.2089249492901,122,28.3164782867341,255
2021,"TCU",49.8949579831933,178,21.012389380531,283,29.0249433106576,134,32.4229691876751,153
2021,"Tarleton St.",48.6238532110092,235,18.4001010994566,148,19.3205944798301,338,38.1389252948886,28
2021,"Temple",46.7165898617512,297,19.491438179884,199,25.9194395796848,232,38.9400921658986,19
2021,"Tennessee",49.6138996138996,189,18.1586728542659,131,31.3099041533546,71,34.4272844272844,92
2021,"Tennessee Martin",45.5882352941176,318,21.0062893081761,282,28.7058823529412,142,28.2805429864253,256
2021,"Tennessee St.",47.0219435736677,291,20.902346848318,274,24.8138957816377,249,32.6802507836991,147
2021,"Tennessee Tech",50.0988793671721,166,22.5930815255584,330,26.5438786565547,208,27.027027027027,285
2021,"Texas",52.8765352294764,59,20.6721064639783,265,31.1229946524064,74,33.8720103425986,111
2021,"Texas A&M",47.5672877846791,278,22.271714922049,319,32.8382838283828,35,33.9544513457557,107
2021,"Texas A&M Corpus Chris",46.9053934571176,294,23.781732069229,341,24.5923913043478,257,34.8364279398762,80
2021,"Texas Southern",47.6736345246123,273,20.7650273224044,270,32.3687031082529,44,38.5030343897505,24
2021,"Texas St.",51.8003273322422,86,20.1240083120904,238,28.6337209302326,148,27.0867430441899,283
2021,"Texas Tech",49.4318181818182,195,16.0325757430703,35,33.300395256917,32,37.9186602870813,32
2021,"The Citadel",51.7550702028081,89,16.1131758781921,38,22.5063938618926,313,33.4633385335413,119
2021,"Toledo",54.0439207284413,36,15.6084299583424,21,29.7047970479705,111,28.4949116229245,251
2021,"Towson",45.4028436018957,322,18.354073846469,145,34.0909090909091,27,33.3649289099526,122
2021,"Troy",44.4287729196051,336,21.4191627054579,296,28.343949044586,154,33.0747531734838,131
2021,"Tulane",44.24743892829,339,16.5529188153115,55,22.9016786570743,305,36.6430260047281,51
2021,"Tulsa",48.9813994685562,211,20.0035467281433,229,26.5423242467719,209,33.126660761736,130
2021,"UAB",48.5998755444928,238,15.6277748179719,22,29.0091930541369,135,29.869321717486,215
2021,"UC Davis",48.1827622014538,255,20.2985441114783,247,26.9097222222222,193,36.4485981308411,56
2021,"UC Irvine",47.3396998635744,282,18.9552792051575,174,31.651376146789,64,29.1268758526603,238
2021,"UC Riverside",52.5390625,66,17.7689531293381,112,26.2430939226519,221,22.03125,342
2021,"UC San Diego",55.0446998722861,18,19.6404367951308,208,16.6666666666667,344,20.8173690932312,346
2021,"UC Santa Barbara",52.589928057554,65,16.4191646155105,53,28.2442748091603,158,35.2517985611511,76
2021,"UCF",50.0792393026941,167,21.6228247994721,306,28.2352941176471,160,30.6656101426307,194
2021,"UCLA",52.0215633423181,82,15.6859105253388,25,30.4511278195489,92,31.5902964959569,167
2021,"UMBC",50.2729754322111,162,18.7706326903664,168,25.8493353028065,233,36.5787079162875,52
2021,"UMKC",51.1822660098522,113,19.6466334674944,209,21.6260162601626,324,30.5418719211823,197
2021,"UMass Lowell",51.2096774193548,111,20.9693621295831,281,26.9798657718121,191,37.1774193548387,41
2021,"UNC Asheville",54.6046915725456,28,21.2140103787087,291,26.8398268398268,199,30.2345786272806,204
2021,"UNC Greensboro",47.9017400204708,264,15.5145093772911,17,32.145816072908,53,23.7461617195496,332
2021,"UNC Wilmington",48.6140724946695,237,16.1140378060118,39,26.4550264550265,211,37.1002132196162,43
2021,"UNLV",50.6237006237006,132,19.5483198788724,204,28.7047841306884,143,21.4137214137214,345
2021,"USC",52.7386541471049,60,18.0288660704915,122,34.91921005386,16,36.2545644235785,59
2021,"USC Upstate",48.9643744821872,214,20.776642818742,271,24.0320427236315,275,29.8260149130075,217
2021,"UT Arlington",46.0681976339596,309,16.189721373664,42,26.8558951965066,196,26.2352122477383,300
2021,"UT Rio Grande Valley",42.9765886287625,344,19.0471766044923,178,30.0476947535771,104,37.6811594202899,33
2021,"UTEP",47.5,279,16.06146465261,37,24.7326203208556,252,29.9180327868852,214
2021,"UTSA",49.3585174625802,200,15.707301687431,27,26.5232974910394,210,23.7348538845331,333
2021,"Utah",53.0758226037196,54,18.3858241782371,147,23.5969387755102,289,28.826895565093,241
2021,"Utah St.",49.7909199522103,181,20.0814844851223,234,35.2822580645161,13,29.1517323775388,236
2021,"Utah Valley",51.3888888888889,98,21.2253277312386,293,31.7321688500728,62,43.5483870967742,3
2021,"VCU",50.8904109589041,122,20.6360981984251,263,28.4705882352941,152,34.041095890411,103
2021,"VMI",53.8022813688213,41,16.8886307809422,73,22.568093385214,312,28.8212927756654,242
2021,"Valparaiso",47.1840659340659,286,17.9502108865757,120,20.8791208791209,328,26.0989010989011,301
2021,"Vanderbilt",51.2358757062147,108,19.8909161462787,226,28.2782212086659,156,32.909604519774,138
2021,"Vermont",53.2608695652174,47,18.0705045916856,125,26.6384778012685,203,32.9710144927536,137
2021,"Villanova",53.2157676348548,49,13.727023559156,4,27.7711561382598,174,30.0138312586445,210
2021,"Virginia",55.4298642533937,14,14.9912033059204,10,22.7019498607242,308,21.7194570135747,343
2021,"Virginia Tech",52.258064516129,76,17.1832884097035,84,27.8308321964529,171,33.3870967741936,121
2021,"Wagner",49.0871369294606,209,18.0875703099151,126,34.7887323943662,18,27.9668049792531,264
2021,"Wake Forest",48.9752348420154,212,20.014975994362,231,26.158038147139,227,28.5226302305722,250
2021,"Washington",48.876404494382,219,19.2289463349899,184,23.3552631578947,293,26.2392597488434,299
2021,"Washington St.",47.8882391163093,265,21.5983288884218,304,30.6760847628658,84,34.6978557504873,82
2021,"Weber St.",56.3839285714286,8,17.1912261851726,85,22.3931623931624,314,36.7857142857143,48
2021,"West Virginia",48.9124372559955,217,16.7897471256025,71,35.9417652411283,8,37.92526491913,31
2021,"Western Carolina",51.7832647462277,87,19.4491660289706,196,22.5730994152047,311,32.2359396433471,156
2021,"Western Illinois",45.7594448727833,315,17.3059537646907,91,27.8823529411765,169,36.4687740940632,55
2021,"Western Kentucky",50.5201958384333,140,20.4535183889759,257,31.7708333333333,61,35.4957160342717,70
2021,"Western Michigan",49.3194192377495,201,21.0969301026362,286,23.4859675036928,291,24.2286751361162,327
2021,"Wichita St.",47.0688190314359,290,15.7521946417014,29,29.778933680104,109,38.232795242141,26
2021,"William & Mary",46.0970464135021,308,20.1574803149606,240,28.5714285714286,150,31.9620253164557,159
2021,"Winthrop",52.6315789473684,63,19.3419589259687,190,35.3711790393013,12,35.5921052631579,69
2021,"Wisconsin",49.9445983379501,174,13.6406540206437,3,23.7918215613383,280,26.2603878116343,297
2021,"Wofford",54.9357945425361,21,18.9430197994861,173,25.5201109570042,240,24.3178170144462,325
2021,"Wright St.",54.3507817811013,29,18.0985075913185,127,34.1726618705036,26,34.5343303874915,88
2021,"Wyoming",53.7101248266297,42,15.9616241801626,31,22.9119638826185,304,35.2981969486824,75
2021,"Xavier",52.1400778210117,80,15.9703600944011,32,26.8096514745308,200,25.9143968871595,307
2021,"Yale",0,348,100,348,0,348,0,348
2021,"Youngstown St.",48.7170349251604,228,16.7161002026905,65,32.9479768786127,33,31.6464718460442,165
